Workbook

Sheet HuongDan
A1: BẢNG TÍNH GIÁ DỊCH VỤ LAU KÍNH HẰNG NGÀY – NAM ĐẢO PHÚ QUỐC
A3: Mục đích: tính giá vốn và giá bán cho 1 m² kính mỗi lần lau, và dự báo lãi/lỗ 12 tháng đầu.
A5: CÁCH DÙNG
A6: 1. Sửa các ô CHỮ XANH DƯƠNG (nền vàng = giả định quan trọng nhất) ở sheet GiaDinh, DauTu và dòng 'Số cửa hàng' ở sheet DuBao12T.
A7: 2. Mọi ô chữ đen là công thức – không gõ đè. Ô chữ xanh lá là số lấy từ sheet khác.
A8: 3. Xem kết quả ở sheet TinhGia (giá/m²), DoNhay (giá thay đổi thế nào khi năng suất thay đổi), DuBao12T (lãi/lỗ, vốn cần chuẩn bị).
A10: QUY ƯỚC
A11: • 'm²' = 1 m² của MỘT mặt kính (mặt ngoài, phía đường) cho MỘT lần lau.
A12: • Gói cơ bản: lau mặt ngoài mỗi ngày, 30 lần/tháng, kính cao ≤ 3 m (đứng dưới đất hoặc thang ngắn + sào).
A13: • Tất cả số tiền tính bằng VNĐ. Số liệu là ƯỚC TÍNH ban đầu – cần cập nhật sau khi khảo sát thực tế và chạy thử.
A15: SHEET
A16: GiaDinh – toàn bộ giả định đầu vào (lương, năng suất, chi phí chung, thuế, lợi nhuận mục tiêu).
... A20: DuBao12T – dự báo 12 tháng: số công nhân cần, doanh thu, chi phí, dòng tiền, tháng hoàn vốn.

Sheet GiaDinh
A1: GIẢ ĐỊNH ĐẦU VÀO (sửa ô chữ xanh)
A3: Nhóm | B3: Hạng mục | C3: Giá trị | D3: Đơn vị | E3: Ghi chú / nguồn
A4: 1. Lương & chi phí 1 công nhân / tháng
B5: Lương cơ bản | C5: 7000000 | D5: đ/tháng | E5: Thị trường tạp vụ 5–8 tr/tháng (2026); Phú Quốc thiếu lao động, làm sáng sớm ngoài trời → chọn 7 tr. Nguồn: CareerViet/Vieclam24h.
B6: Phụ cấp xăng xe + điện thoại | C6: 700000 | D6: đ/tháng | E6: CN dùng xe máy cá nhân chạy giữa các cửa hàng.
B7: Thưởng chuyên cần / chất lượng | C7: 500000 | D7: đ/tháng | E7: Chỉ trả khi không bị khách phàn nàn và đủ ảnh check-in.
B8: Lương làm căn cứ đóng BH | C8: 4730000 | D8: đ/tháng | E8: Bằng lương tối thiểu vùng II năm 2026 (NĐ 293/2025). Đặc khu Phú Quốc thuộc vùng II.
B9: Tỷ lệ BHXH+BHYT+BHTN doanh nghiệp đóng | C9: 0.215 | D9: % | E9: 17,5% BHXH + 3% BHYT + 1% BHTN.
B10: Bảo hiểm tai nạn 24/24 (mua ngoài) | C10: 25000 | D10: đ/tháng | E10: ≈ 300.000 đ/người/năm.
B11: Trích lương tháng 13 / nghỉ phép | C11: =$C$5/12 -> 583333.33 | D11: đ/tháng | E11: Lương cơ bản / 12.
B12: TỔNG CHI PHÍ 1 CÔNG NHÂN | C12: =$C$5+$C$6+$C$7+$C$8*$C$9+$C$10+$C$11 -> 9825283.3 | D12: đ/tháng | E12: Công thức.
A13: 2. Thời gian & năng suất
B14: Số ngày làm / tháng (mỗi CN) | C14: 26 | D14: ngày | E14: Nghỉ 4 ngày/tháng. Cửa hàng cần lau 30 ngày → xếp ca xoay vòng.
B15: Giờ làm hiệu quả / ngày | C15: 7 | D15: giờ | E15: Ca 8 tiếng trừ họp đầu ca, lấy nước, nghỉ.
B16: Tốc độ lau (mặt ngoài, bẩn nhẹ hằng ngày) | C16: 1 | D16: phút/m² | E16: ≈ 60 m²/giờ gồm lau khung, cạnh. Thợ chuyên nghiệp 0,5–0,7; thợ mới 1,2–1,5. CẦN ĐO THỰC TẾ KHI CHẠY THỬ.
B17: Thời gian cố định mỗi lần ghé 1 cửa hàng | C17: 10 | D17: phút | E17: Di chuyển giữa 2 cửa hàng gần nhau (~5 phút) + bày/dọn dụng cụ, chụp ảnh (~5 phút).
B18: Diện tích kính bình quân / cửa hàng (1 mặt) | C18: 20 | D18: m² | E18: Mặt tiền 5 m × cao 3 m + cửa ra vào ≈ 15–25 m². Đo thực tế 30 cửa hàng khi khảo sát.
B19: Số lần lau / tháng (gói hằng ngày) | C19: 30 | D19: lần | E19: Cửa hàng du lịch mở cửa cả tuần.
B20: Tỷ lệ lấp đầy (thời gian thực sự có việc) | C20: 0.8 | D20: % | E20: Phần còn lại là thời gian chết (khách hẹn lệch giờ, mưa, chờ mở cửa). Giai đoạn đầu thường 60–70%.
A21: 3. Vật tư, dụng cụ
B22: Số tháng khấu hao bộ dụng cụ | C22: 12 | D22: tháng | E22: Dụng cụ ngoài trời, gió muối → dùng ~1 năm.
B23: Vật tư tiêu hao / CN / tháng | C23: 300000 | D23: đ/tháng | E23: Lưỡi gạt cao su (2 cái), áo bông, khăn microfiber thay mới.
B24: Hóa chất + nước / m² | C24: 50 | D24: đ/m² | E24: Nước lau kính đậm đặc ~60.000 đ/lít pha 1:100, ~0,04 lít dung dịch/m² → ~25 đ/m²; cộng hao hụt → 50 đ.
A25: 4. Chi phí chung (quản lý thay chủ) / tháng
B26: Chuyển sang giai đoạn 2 khi số CN ≥ | C26: 6 | D26: người | E26: Từ quy mô này cần 1 giám sát kiêm bán hàng toàn thời gian.
B27: Chi phí chung GĐ1 (≤ 5 CN) | C27: 7800000 | D27: đ/tháng | E27: Phụ cấp tổ trưởng 2 tr + marketing 2 tr + điện thoại/Zalo 0,5 tr + kế toán 0,8 tr + chỗ để đồ 1,5 tr + quỹ sự cố (vỡ/trầy kính) 1 tr.
B28: Chi phí chung GĐ2 (≥ ngưỡng) | C28: 20000000 | D28: đ/tháng | E28: Giám sát/sales 12 tr + marketing 3 tr + điện thoại 0,5 tr + kế toán 1,5 tr + kho 1,5 tr + quỹ sự cố 1,5 tr.
B29: Quy mô tham chiếu để tính giá | C29: 4 | D29: công nhân | E29: Giá được tính khi đội đã ổn định ở quy mô này.
A30: 5. Thuế & lợi nhuận
B31: Dự phòng thuế trong giá bán | C31: 0.05 | D31: % doanh thu | E31: Hộ kinh doanh dịch vụ: GTGT 5% + TNCN 2% trên phần doanh thu vượt 500 tr/năm (từ 2026). Bình quân thực tế ~3–5%.
B32: Thuế suất hộ KD dịch vụ (GTGT + TNCN) | C32: 0.07 | D32: % | E32: Dùng trong DuBao12T. Kiểm tra lại với cơ quan thuế đặc khu.
B33: Ngưỡng doanh thu không chịu thuế | C33: 500000000 | D33: đ/năm | E33: Áp dụng từ 01/01/2026 cho hộ kinh doanh.
B34: Biên lợi nhuận mục tiêu (trên giá bán) | C34: 0.25 | D34: % | E34: Lợi nhuận của chủ – vì chủ không trực tiếp làm.
A35: 6. Hệ số giá các gói khác (so với gói hằng ngày)
B36: Gói cách ngày (15 lần/tháng) | C36: 1.25 | D36: x | E36: Kính bẩn hơn + chi phí di chuyển chia cho ít lần hơn.
B37: Gói hằng tuần (4 lần/tháng) | C37: 1.8 | D37: x | E37: Kính bẩn nhiều, lau lâu hơn.
B38: Vệ sinh tổng 1 lần (2 mặt, cạo sơn/keo, lau khung) | C38: 2.3 | D38: x | E38: Thị trường 5.000–7.000 đ/m² (TP lớn, 2025).
B39: Phụ thu kính cao > 3 m | C39: 1.5 | D39: x | E39: Cần thang cao/sào dài, 2 người.
B40: Diện tích tính tối thiểu / lần ghé | C40: 10 | D40: m² | E40: Cửa hàng nhỏ vẫn tốn thời gian di chuyển.

Sheet DauTu
A1: TRANG THIẾT BỊ & CHI PHÍ KHỞI NGHIỆP (giá tham khảo 2026, VNĐ)
A3: Hạng mục | B3: Số lượng | C3: Đơn giá | D3: Thành tiền | E3: Ghi chú
A4: A. BỘ DỤNG CỤ CHO 1 CÔNG NHÂN
A5: Gạt kính cán inox 35–45 cm (loại tốt: Unger/Ettore hoặc tương đương) | B5: 2 | C5: 350000 | D5: =B5*C5 -> 700000 | E5: 1 cái dùng, 1 cái dự phòng
A6: Bông lau kính 35 cm kèm 2 áo bông thay | B6: 1 | C6: 450000 | D6: =B6*C6 -> 450000 | E6: Strip washer
A7: Sào nối dài 3 đoạn 1,2–3,6 m | B7: 1 | C7: 450000 | D7: =B7*C7 -> 450000 | E7: Lau kính cao không cần thang
A8: Dao cạo kính + 10 lưỡi thay | B8: 1 | C8: 150000 | D8: =B8*C8 -> 150000 | E8: Cạo vết sơn, băng keo, phân chim
A9: Xô chữ nhật 20 L | B9: 1 | C9: 200000 | D9: =B9*C9 -> 200000 | E9: Vừa bông lau 35 cm
A10: Khăn microfiber (bộ 10 cái) | B10: 1 | C10: 150000 | D10: =B10*C10 -> 150000 | E10: Lau khung, mép
A11: Túi đeo hông đựng dụng cụ | B11: 1 | C11: 200000 | D11: =B11*C11 -> 200000
A12: Bình xịt 1 L | B12: 2 | C12: 30000 | D12: =B12*C12 -> 60000
A13: Thang nhôm chữ A 5 bậc (~1,5 m) | B13: 1 | C13: 900000 | D13: =B13*C13 -> 900000 | E13: Gọn, chở được trên xe máy
A14: Đồng phục in logo 3 bộ + nón + găng tay + áo mưa | B14: 1 | C14: 750000 | D14: =B14*C14 -> 750000 | E14: Tạo hình ảnh chuyên nghiệp
A15: Tổng 1 bộ dụng cụ / công nhân | D15: =SUM(D5:D14) -> 4010000
A17: B. KHỞI NGHIỆP
A18: Số bộ dụng cụ mua ban đầu (= số CN tháng đầu) | B18: 3 | C18: =D15 -> 4010000 | D18: =B18*C18 -> 12030000 | E18: 2 CN chính + 1 CN dự phòng/tổ trưởng
A19: Thang nhôm rút gọn 3,8 m (dùng chung) | B19: 1 | C19: 2200000 | D19: =B19*C19 -> 2200000 | E19: Cho kính cao, vệ sinh tổng
A20: Sào dài 6 m (dùng chung) | B20: 1 | C20: 1200000 | D20: =B20*C20 -> 1200000
A21: Hóa chất lau kính đậm đặc can 5 L | B21: 2 | C21: 300000 | D21: =B21*C21 -> 600000 | E21: Đủ dùng vài tháng
A22: Điện thoại hotline + SIM số đẹp | B22: 1 | C22: 2500000 | D22: =B22*C22 -> 2500000 | E22: Zalo công việc, nhận đơn
A23: Đăng ký hộ kinh doanh, con dấu, TK ngân hàng | B23: 1 | C23: 500000 | D23: =B23*C23 -> 500000 | E23: UBND đặc khu Phú Quốc (một cửa)
A24: Marketing khai trương (tờ rơi 1.000 tờ, danh thiếp, Google Maps, fanpage) | B24: 1 | C24: 3000000 | D24: =B24*C24 -> 3000000
A25: Chạy thử miễn phí 7 ngày cho 15 cửa hàng (vật tư, quà) | B25: 1 | C25: 2000000 | D25: =B25*C25 -> 2000000 | E25: Nhân công đã tính trong lương
A26: Dự phòng phát sinh | B26: 0.1 | D26: =B26*SUM(D18:D25) -> 2403000
A27: TỔNG ĐẦU TƯ BAN ĐẦU (chưa gồm vốn lưu động) | D27: =SUM(D18:D26) -> 26433000
A29: Ghi chú: xe máy do công nhân tự túc (đã có phụ cấp xăng). Nếu mua xe cho CN: +15–20 tr/xe cũ.
A30: Chưa đầu tư máy nước tinh khiết (pure water, 30–60 tr) – chỉ cân nhắc khi có hợp đồng kính cao tầng/resort.

Sheet TinhGia
A1: TÍNH GIÁ VỐN & GIÁ BÁN / m² / LẦN LAU (gói hằng ngày, mặt ngoài)
A3: Bước | B3: Chỉ tiêu | C3: Giá trị | D3: Đơn vị | E3: Cách tính
A4: 1 | B4: Chi phí 1 công nhân / tháng | C4: =GiaDinh!$C$12 -> 9825283.3 | D4: đ/tháng | E4: Từ GiaDinh
A5: 2 | B5: Phút làm việc hiệu quả / CN / tháng | C5: =GiaDinh!$C$14*GiaDinh!$C$15*60 -> 10920 | D5: phút | E5: ngày × giờ × 60
A6: 3 | B6: Chi phí nhân công / phút có mặt | C6: =$C$4/$C$5 -> 899.75122 | D6: đ/phút | E6: (1) / (2)
A7: 4 | B7: Dụng cụ (khấu hao) + tiêu hao / CN / tháng | C7: =DauTu!$D$15/GiaDinh!$C$22+GiaDinh!$C$23 -> 634166.67 | D7: đ/tháng | E7: bộ dụng cụ / số tháng + tiêu hao
A8: 5 | B8: Dụng cụ / phút có mặt | C8: =$C$7/$C$5 -> 58.073871 | D8: đ/phút | E8: (4) / (2)
A9: 6 | B9: Thời gian thực tế cho 1 m² (gồm phần di chuyển) | C9: =GiaDinh!$C$16+GiaDinh!$C$17/GiaDinh!$C$18 -> 1.5 | D9: phút/m² | E9: tốc độ lau + thời gian cố định / m² mỗi cửa hàng
A10: 7 | B10: Năng lực 1 CN (m² lau được / tháng) | C10: =$C$5*GiaDinh!$C$20/$C$9 -> 5824 | D10: m²/tháng | E10: (2) × lấp đầy / (6)
B11: … tương đương m² / ngày làm | C11: =$C$10/GiaDinh!$C$14 -> 224 | D11: m²/ngày
B12: … tương đương số cửa hàng / ngày làm | C12: =$C$11/GiaDinh!$C$18 -> 11.2 | D12: cửa hàng
A13: 8 | B13: Tổng m²/tháng ở quy mô tham chiếu | C13: =$C$10*GiaDinh!$C$29 -> 23296 | D13: m²/tháng | E13: (7) × số CN tham chiếu
A14: 9 | B14: Chi phí chung / tháng ở quy mô tham chiếu | C14: =IF(GiaDinh!$C$29>=GiaDinh!$C$26,GiaDinh!$C$28,GiaDinh!$C$27) -> 7800000 | D14: đ/tháng | E14: GĐ1 hoặc GĐ2 theo số CN
B16: GIÁ VỐN / m² / LẦN
A17: 10 | B17: Nhân công | C17: =$C$6*$C$9/GiaDinh!$C$20 -> 1687.0335 | D17: đ/m² | E17: (3) × (6) / lấp đầy
A18: 11 | B18: Dụng cụ & vật tư tiêu hao | C18: =$C$8*$C$9/GiaDinh!$C$20 -> 108.88851 | D18: đ/m² | E18: (5) × (6) / lấp đầy
A19: 12 | B19: Hóa chất + nước | C19: =GiaDinh!$C$24 -> 50 | D19: đ/m² | E19: Từ GiaDinh
A20: 13 | B20: Chi phí chung (quản lý, marketing, kho…) | C20: =$C$14/$C$13 -> 334.82143 | D20: đ/m² | E20: (9) / (8)
A21: 14 | B21: GIÁ VỐN / m² | C21: =SUM($C$17:$C$20) -> 2180.7435 | D21: đ/m² | E21: (10)+(11)+(12)+(13)
B23: GIÁ BÁN
A24: 15 | B24: Giá bán tối thiểu để đạt lợi nhuận mục tiêu | C24: =$C$21/(1-GiaDinh!$C$31-GiaDinh!$C$34) -> 3115.3478 | D24: đ/m² | E24: giá vốn / (1 − thuế − lợi nhuận)
A25: 16 | B25: GIÁ BÁN ĐỀ XUẤT (làm tròn lên 100 đ) | C25: =ROUNDUP($C$24/100,0)*100 -> 3200 | D25: đ/m²/lần | E25: Gói hằng ngày, mặt ngoài, kính ≤ 3 m
A26: 17 | B26: Giá hòa vốn (lợi nhuận = 0) | C26: =$C$21/(1-GiaDinh!$C$31) -> 2295.5194 | D26: đ/m² | E26: Không bán thấp hơn giá này
A27: 18 | B27: Lợi nhuận / m² ở giá đề xuất | C27: =$C$25*(1-GiaDinh!$C$31)-$C$21 -> 859.25652 | D27: đ/m²
A28: 19 | B28: Lợi nhuận / tháng ở quy mô tham chiếu | C28: =$C$27*$C$13 -> 20017240 | D28: đ/tháng | E28: (18) × (8)
A29: 20 | B29: Doanh thu / tháng ở quy mô tham chiếu | C29: =$C$25*$C$13 -> 74547200 | D29: đ/tháng
A30: 21 | B30: Số cửa hàng cần có (gói hằng ngày) để lấp đầy | C30: =$C$13/(GiaDinh!$C$18*GiaDinh!$C$19) -> 38.826667 | D30: cửa hàng
B32: BẢNG GIÁ GỢI Ý (đ/m²/lần)
B33: Gói hằng ngày (30 lần/tháng) | C33: =$C$25 -> 3200 | D33: đ/m²
B34: Gói cách ngày (15 lần/tháng) | C34: =ROUNDUP($C$25*GiaDinh!$C$36/100,0)*100 -> 4000 | D34: đ/m² | E34: × hệ số GiaDinh
B35: Gói hằng tuần (4 lần/tháng) | C35: =ROUNDUP($C$25*GiaDinh!$C$37/100,0)*100 -> 5800 | D35: đ/m² | E35: × hệ số GiaDinh
B36: Vệ sinh tổng 1 lần (2 mặt) | C36: =ROUNDUP($C$25*GiaDinh!$C$38/500,0)*500 -> 7500 | D36: đ/m² | E36: × hệ số, làm tròn 500 đ
B37: Phụ thu kính cao > 3 m (nhân với giá gói) | C37: =GiaDinh!$C$39 -> 1.5 | D37: x
B39: VÍ DỤ: CỬA HÀNG CÓ DIỆN TÍCH KÍNH BÌNH QUÂN
B40: Diện tích kính mặt ngoài | C40: =GiaDinh!$C$18 -> 20 | D40: m²
B41: Phí mỗi lần lau | C41: =MAX($C$40,GiaDinh!$C$40)*$C$25 -> 64000 | D41: đ/lần
B42: Phí gói hằng ngày / tháng | C42: =$C$41*GiaDinh!$C$19 -> 1920000 | D42: đ/tháng
B43: Phí gói cách ngày / tháng | C43: =MAX($C$40,GiaDinh!$C$40)*$C$34*15 -> 1200000 | D43: đ/tháng
B44: Phí gói hằng tuần / tháng | C44: =MAX($C$40,GiaDinh!$C$40)*$C$35*4 -> 464000 | D44: đ/tháng
B45: Phí tối thiểu gói hằng ngày (cửa hàng nhỏ) | C45: =GiaDinh!$C$40*$C$25*GiaDinh!$C$19 -> 960000 | D45: đ/tháng

Sheet DoNhay
A1: ĐỘ NHẠY: GIÁ BÁN ĐỀ XUẤT (đ/m²) THAY ĐỔI THẾ NÀO?
A3: Bảng 1 – Giá bán theo TỐC ĐỘ LAU (dòng) và TỶ LỆ LẤP ĐẦY (cột). Các giả định khác lấy từ GiaDinh.
A4: phút/m² \ lấp đầy | B4: 0.6 | C4: 0.7 | D4: 0.8 | E4: 0.9
A5: 0.6 | B5: =ROUNDUP(((TinhGia!$C$6+TinhGia!$C$8)*($A5+GiaDinh!$C$17/GiaDinh!$C$18)/B$4+GiaDinh!$C$24+TinhGia!$C$14/((TinhGia!$C$5*B$4/($A5+GiaDinh!$C$17/GiaDinh!$C$18))*GiaDinh!$C$29))/(1-GiaDinh!$C$31-GiaDinh!$C$34)/100,0)*100 -> 3100 | C5: =ROUNDUP(((TinhGia!$C$6+TinhGia!$C$8)*($A5+GiaDinh!$C$17/GiaDinh!$C$18)/C$4+GiaDinh!$C$24+TinhGia!$C$14/((TinhGia!$C$5*C$4/($A5+GiaDinh!$C$17/GiaDinh!$C$18))*GiaDinh!$C$29))/(1-GiaDinh!$C$31-GiaDinh!$C$34)/100,0)*100 -> 2700 | D5: =ROUNDUP(((TinhGia!$C$6+TinhGia!$C$8)*($A5+GiaDinh!$C$17/GiaDinh!$C$18)/D$4+GiaDinh!$C$24+TinhGia!$C$14/((TinhGia!$C$5*D$4/($A5+GiaDinh!$C$17/GiaDinh!$C$18))*GiaDinh!$C$29))/(1-GiaDinh!$C$31-GiaDinh!$C$34)/100,0)*100 -> 2400 | E5: =ROUNDUP(((TinhGia!$C$6+TinhGia!$C$8)*($A5+GiaDinh!$C$17/GiaDinh!$C$18)/E$4+GiaDinh!$C$24+TinhGia!$C$14/((TinhGia!$C$5*E$4/($A5+GiaDinh!$C$17/GiaDinh!$C$18))*GiaDinh!$C$29))/(1-GiaDinh!$C$31-GiaDinh!$C$34)/100,0)*100 -> 2100
A6: 0.8 | B6: =ROUNDUP(((TinhGia!$C$6+TinhGia!$C$8)*($A6+GiaDinh!$C$17/GiaDinh!$C$18)/B$4+GiaDinh!$C$24+TinhGia!$C$14/((TinhGia!$C$5*B$4/($A6+GiaDinh!$C$17/GiaDinh!$C$18))*GiaDinh!$C$29))/(1-GiaDinh!$C$31-GiaDinh!$C$34)/100,0)*100 -> 3600 | C6: =ROUNDUP(((TinhGia!$C$6+TinhGia!$C$8)*($A6+GiaDinh!$C$17/GiaDinh!$C$18)/C$4+GiaDinh!$C$24+TinhGia!$C$14/((TinhGia!$C$5*C$4/($A6+GiaDinh!$C$17/GiaDinh!$C$18))*GiaDinh!$C$29))/(1-GiaDinh!$C$31-GiaDinh!$C$34)/100,0)*100 -> 3100 | D6: =ROUNDUP(((TinhGia!$C$6+TinhGia!$C$8)*($A6+GiaDinh!$C$17/GiaDinh!$C$18)/D$4+GiaDinh!$C$24+TinhGia!$C$14/((TinhGia!$C$5*D$4/($A6+GiaDinh!$C$17/GiaDinh!$C$18))*GiaDinh!$C$29))/(1-GiaDinh!$C$31-GiaDinh!$C$34)/100,0)*100 -> 2800 | E6: =ROUNDUP(((TinhGia!$C$6+TinhGia!$C$8)*($A6+GiaDinh!$C$17/GiaDinh!$C$18)/E$4+GiaDinh!$C$24+TinhGia!$C$14/((TinhGia!$C$5*E$4/($A6+GiaDinh!$C$17/GiaDinh!$C$18))*GiaDinh!$C$29))/(1-GiaDinh!$C$31-GiaDinh!$C$34)/100,0)*100 -> 2500
A7: 1 | B7: =ROUNDUP(((TinhGia!$C$6+TinhGia!$C$8)*($A7+GiaDinh!$C$17/GiaDinh!$C$18)/B$4+GiaDinh!$C$24+TinhGia!$C$14/((TinhGia!$C$5*B$4/($A7+GiaDinh!$C$17/GiaDinh!$C$18))*GiaDinh!$C$29))/(1-GiaDinh!$C$31-GiaDinh!$C$34)/100,0)*100 -> 4200 | C7: =ROUNDUP(((TinhGia!$C$6+TinhGia!$C$8)*($A7+GiaDinh!$C$17/GiaDinh!$C$18)/C$4+GiaDinh!$C$24+TinhGia!$C$14/((TinhGia!$C$5*C$4/($A7+GiaDinh!$C$17/GiaDinh!$C$18))*GiaDinh!$C$29))/(1-GiaDinh!$C$31-GiaDinh!$C$34)/100,0)*100 -> 3600 | D7: =ROUNDUP(((TinhGia!$C$6+TinhGia!$C$8)*($A7+GiaDinh!$C$17/GiaDinh!$C$18)/D$4+GiaDinh!$C$24+TinhGia!$C$14/((TinhGia!$C$5*D$4/($A7+GiaDinh!$C$17/GiaDinh!$C$18))*GiaDinh!$C$29))/(1-GiaDinh!$C$31-GiaDinh!$C$34)/100,0)*100 -> 3200 | E7: =ROUNDUP(((TinhGia!$C$6+TinhGia!$C$8)*($A7+GiaDinh!$C$17/GiaDinh!$C$18)/E$4+GiaDinh!$C$24+TinhGia!$C$14/((TinhGia!$C$5*E$4/($A7+GiaDinh!$C$17/GiaDinh!$C$18))*GiaDinh!$C$29))/(1-GiaDinh!$C$31-GiaDinh!$C$34)/100,0)*100 -> 2800
A8: 1.2 | B8: =ROUNDUP(((TinhGia!$C$6+TinhGia!$C$8)*($A8+GiaDinh!$C$17/GiaDinh!$C$18)/B$4+GiaDinh!$C$24+TinhGia!$C$14/((TinhGia!$C$5*B$4/($A8+GiaDinh!$C$17/GiaDinh!$C$18))*GiaDinh!$C$29))/(1-GiaDinh!$C$31-GiaDinh!$C$34)/100,0)*100 -> 4700 | C8: =ROUNDUP(((TinhGia!$C$6+TinhGia!$C$8)*($A8+GiaDinh!$C$17/GiaDinh!$C$18)/C$4+GiaDinh!$C$24+TinhGia!$C$14/((TinhGia!$C$5*C$4/($A8+GiaDinh!$C$17/GiaDinh!$C$18))*GiaDinh!$C$29))/(1-GiaDinh!$C$31-GiaDinh!$C$34)/100,0)*100 -> 4100 | D8: =ROUNDUP(((TinhGia!$C$6+TinhGia!$C$8)*($A8+GiaDinh!$C$17/GiaDinh!$C$18)/D$4+GiaDinh!$C$24+TinhGia!$C$14/((TinhGia!$C$5*D$4/($A8+GiaDinh!$C$17/GiaDinh!$C$18))*GiaDinh!$C$29))/(1-GiaDinh!$C$31-GiaDinh!$C$34)/100,0)*100 -> 3600 | E8: =ROUNDUP(((TinhGia!$C$6+TinhGia!$C$8)*($A8+GiaDinh!$C$17/GiaDinh!$C$18)/E$4+GiaDinh!$C$24+TinhGia!$C$14/((TinhGia!$C$5*E$4/($A8+GiaDinh!$C$17/GiaDinh!$C$18))*GiaDinh!$C$29))/(1-GiaDinh!$C$31-GiaDinh!$C$34)/100,0)*100 -> 3200
A9: 1.5 | B9: =ROUNDUP(((TinhGia!$C$6+TinhGia!$C$8)*($A9+GiaDinh!$C$17/GiaDinh!$C$18)/B$4+GiaDinh!$C$24+TinhGia!$C$14/((TinhGia!$C$5*B$4/($A9+GiaDinh!$C$17/GiaDinh!$C$18))*GiaDinh!$C$29))/(1-GiaDinh!$C$31-GiaDinh!$C$34)/100,0)*100 -> 5500 | C9: =ROUNDUP(((TinhGia!$C$6+TinhGia!$C$8)*($A9+GiaDinh!$C$17/GiaDinh!$C$18)/C$4+GiaDinh!$C$24+TinhGia!$C$14/((TinhGia!$C$5*C$4/($A9+GiaDinh!$C$17/GiaDinh!$C$18))*GiaDinh!$C$29))/(1-GiaDinh!$C$31-GiaDinh!$C$34)/100,0)*100 -> 4800 | D9: =ROUNDUP(((TinhGia!$C$6+TinhGia!$C$8)*($A9+GiaDinh!$C$17/GiaDinh!$C$18)/D$4+GiaDinh!$C$24+TinhGia!$C$14/((TinhGia!$C$5*D$4/($A9+GiaDinh!$C$17/GiaDinh!$C$18))*GiaDinh!$C$29))/(1-GiaDinh!$C$31-GiaDinh!$C$34)/100,0)*100 -> 4200 | E9: =ROUNDUP(((TinhGia!$C$6+TinhGia!$C$8)*($A9+GiaDinh!$C$17/GiaDinh!$C$18)/E$4+GiaDinh!$C$24+TinhGia!$C$14/((TinhGia!$C$5*E$4/($A9+GiaDinh!$C$17/GiaDinh!$C$18))*GiaDinh!$C$29))/(1-GiaDinh!$C$31-GiaDinh!$C$34)/100,0)*100 -> 3700
A12: Bảng 2 – Theo DIỆN TÍCH KÍNH / CỬA HÀNG (cửa hàng nhỏ tốn tiền di chuyển hơn trên mỗi m²).
A13: m² / cửa hàng | B13: Giá bán đ/m² | C13: Phí gói ngày / tháng | D13: Số cửa hàng / CN / ngày
A14: 8 | B14: =ROUNDUP(((TinhGia!$C$6+TinhGia!$C$8)*(GiaDinh!$C$16+GiaDinh!$C$17/A14)/GiaDinh!$C$20+GiaDinh!$C$24+TinhGia!$C$14/((TinhGia!$C$5*GiaDinh!$C$20/(GiaDinh!$C$16+GiaDinh!$C$17/A14))*GiaDinh!$C$29))/(1-GiaDinh!$C$31-GiaDinh!$C$34)/100,0)*100 -> 4700 | C14: =B14*A14*GiaDinh!$C$19 -> 1128000 | D14: =(TinhGia!$C$5*GiaDinh!$C$20/(GiaDinh!$C$16+GiaDinh!$C$17/A14))/GiaDinh!$C$14/A14 -> 18.666667
A15: 10 | B15: =ROUNDUP(((TinhGia!$C$6+TinhGia!$C$8)*(GiaDinh!$C$16+GiaDinh!$C$17/A15)/GiaDinh!$C$20+GiaDinh!$C$24+TinhGia!$C$14/((TinhGia!$C$5*GiaDinh!$C$20/(GiaDinh!$C$16+GiaDinh!$C$17/A15))*GiaDinh!$C$29))/(1-GiaDinh!$C$31-GiaDinh!$C$34)/100,0)*100 -> 4200 | C15: =B15*A15*GiaDinh!$C$19 -> 1260000 | D15: =(TinhGia!$C$5*GiaDinh!$C$20/(GiaDinh!$C$16+GiaDinh!$C$17/A15))/GiaDinh!$C$14/A15 -> 16.8
A16: 15 | B16: =ROUNDUP(((TinhGia!$C$6+TinhGia!$C$8)*(GiaDinh!$C$16+GiaDinh!$C$17/A16)/GiaDinh!$C$20+GiaDinh!$C$24+TinhGia!$C$14/((TinhGia!$C$5*GiaDinh!$C$20/(GiaDinh!$C$16+GiaDinh!$C$17/A16))*GiaDinh!$C$29))/(1-GiaDinh!$C$31-GiaDinh!$C$34)/100,0)*100 -> 3500 | C16: =B16*A16*GiaDinh!$C$19 -> 1575000 | D16: =(TinhGia!$C$5*GiaDinh!$C$20/(GiaDinh!$C$16+GiaDinh!$C$17/A16))/GiaDinh!$C$14/A16 -> 13.44
A17: 20 | B17: =ROUNDUP(((TinhGia!$C$6+TinhGia!$C$8)*(GiaDinh!$C$16+GiaDinh!$C$17/A17)/GiaDinh!$C$20+GiaDinh!$C$24+TinhGia!$C$14/((TinhGia!$C$5*GiaDinh!$C$20/(GiaDinh!$C$16+GiaDinh!$C$17/A17))*GiaDinh!$C$29))/(1-GiaDinh!$C$31-GiaDinh!$C$34)/100,0)*100 -> 3200 | C17: =B17*A17*GiaDinh!$C$19 -> 1920000 | D17: =(TinhGia!$C$5*GiaDinh!$C$20/(GiaDinh!$C$16+GiaDinh!$C$17/A17))/GiaDinh!$C$14/A17 -> 11.2
A18: 30 | B18: =ROUNDUP(((TinhGia!$C$6+TinhGia!$C$8)*(GiaDinh!$C$16+GiaDinh!$C$17/A18)/GiaDinh!$C$20+GiaDinh!$C$24+TinhGia!$C$14/((TinhGia!$C$5*GiaDinh!$C$20/(GiaDinh!$C$16+GiaDinh!$C$17/A18))*GiaDinh!$C$29))/(1-GiaDinh!$C$31-GiaDinh!$C$34)/100,0)*100 -> 2800 | C18: =B18*A18*GiaDinh!$C$19 -> 2520000 | D18: =(TinhGia!$C$5*GiaDinh!$C$20/(GiaDinh!$C$16+GiaDinh!$C$17/A18))/GiaDinh!$C$14/A18 -> 8.4
A19: 50 | B19: =ROUNDUP(((TinhGia!$C$6+TinhGia!$C$8)*(GiaDinh!$C$16+GiaDinh!$C$17/A19)/GiaDinh!$C$20+GiaDinh!$C$24+TinhGia!$C$14/((TinhGia!$C$5*GiaDinh!$C$20/(GiaDinh!$C$16+GiaDinh!$C$17/A19))*GiaDinh!$C$29))/(1-GiaDinh!$C$31-GiaDinh!$C$34)/100,0)*100 -> 2600 | C19: =B19*A19*GiaDinh!$C$19 -> 3900000 | D19: =(TinhGia!$C$5*GiaDinh!$C$20/(GiaDinh!$C$16+GiaDinh!$C$17/A19))/GiaDinh!$C$14/A19 -> 5.6
A21: Đọc bảng: nếu thợ chỉ lau được 1,5 phút/m² và lấp đầy 60%, giá phải lên mức ô tương ứng. → Đào tạo tốc độ + gom khách theo tuyến là 2 đòn bẩy quan trọng nhất.

Sheet DuBao12T
A1: DỰ BÁO 12 THÁNG ĐẦU (dòng tiền, VNĐ)
A2: Sửa dòng 'Số cửa hàng ký gói ngày' (chữ xanh) theo kế hoạch bán hàng thực tế. Tháng 0 = chuẩn bị & mua sắm.
A4: Chỉ tiêu | B4: T0 | C4: T1 | D4: T2 | E4: T3 | F4: T4 | G4: T5 | H4: T6 | I4: T7 | J4: T8 | K4: T9 | L4: T10 | M4: T11 | N4: T12
A5: Số cửa hàng ký gói ngày (cuối tháng) | B5: 0 | C5: 6 | D5: 12 | E5: 18 | F5: 24 | G5: 30 | H5: 35 | I5: 40 | J5: 45 | K5: 50 | L5: 55 | M5: 60 | N5: 65
A6: m² lau / tháng | B6: =B5*GiaDinh!$C$18*GiaDinh!$C$19 -> 0 | C6: =C5*GiaDinh!$C$18*GiaDinh!$C$19 -> 3600 | D6: =D5*GiaDinh!$C$18*GiaDinh!$C$19 -> 7200 | E6: =E5*GiaDinh!$C$18*GiaDinh!$C$19 -> 10800 | F6: =F5*GiaDinh!$C$18*GiaDinh!$C$19 -> 14400 | G6: =G5*GiaDinh!$C$18*GiaDinh!$C$19 -> 18000 | H6: =H5*GiaDinh!$C$18*GiaDinh!$C$19 -> 21000 | I6: =I5*GiaDinh!$C$18*GiaDinh!$C$19 -> 24000 | ... N6: =N5*GiaDinh!$C$18*GiaDinh!$C$19 -> 39000
A7: Phút lao động cần | B7: =B5*GiaDinh!$C$19*(GiaDinh!$C$17+GiaDinh!$C$18*GiaDinh!$C$16) -> 0 | C7: =C5*GiaDinh!$C$19*(GiaDinh!$C$17+GiaDinh!$C$18*GiaDinh!$C$16) -> 5400 | D7: =D5*GiaDinh!$C$19*(GiaDinh!$C$17+GiaDinh!$C$18*GiaDinh!$C$16) -> 10800 | E7: =E5*GiaDinh!$C$19*(GiaDinh!$C$17+GiaDinh!$C$18*GiaDinh!$C$16) -> 16200 | F7: =F5*GiaDinh!$C$19*(GiaDinh!$C$17+GiaDinh!$C$18*GiaDinh!$C$16) -> 21600 | G7: =G5*GiaDinh!$C$19*(GiaDinh!$C$17+GiaDinh!$C$18*GiaDinh!$C$16) -> 27000 | H7: =H5*GiaDinh!$C$19*(GiaDinh!$C$17+GiaDinh!$C$18*GiaDinh!$C$16) -> 31500 | I7: =I5*GiaDinh!$C$19*(GiaDinh!$C$17+GiaDinh!$C$18*GiaDinh!$C$16) -> 36000 | ... N7: =N5*GiaDinh!$C$19*(GiaDinh!$C$17+GiaDinh!$C$18*GiaDinh!$C$16) -> 58500
A8: Số công nhân cần (tối thiểu 2 để xoay ca 30 ngày) | B8: 0 | C8: =MAX(2,ROUNDUP(C7/(TinhGia!$C$5*GiaDinh!$C$20),0)) -> 2 | D8: =MAX(2,ROUNDUP(D7/(TinhGia!$C$5*GiaDinh!$C$20),0)) -> 2 | E8: =MAX(2,ROUNDUP(E7/(TinhGia!$C$5*GiaDinh!$C$20),0)) -> 2 | F8: =MAX(2,ROUNDUP(F7/(TinhGia!$C$5*GiaDinh!$C$20),0)) -> 3 | G8: =MAX(2,ROUNDUP(G7/(TinhGia!$C$5*GiaDinh!$C$20),0)) -> 4 | H8: =MAX(2,ROUNDUP(H7/(TinhGia!$C$5*GiaDinh!$C$20),0)) -> 4 | I8: =MAX(2,ROUNDUP(I7/(TinhGia!$C$5*GiaDinh!$C$20),0)) -> 5 | J8: =MAX(2,ROUNDUP(J7/(TinhGia!$C$5*GiaDinh!$C$20),0)) -> 5 | ... N8: =MAX(2,ROUNDUP(N7/(TinhGia!$C$5*GiaDinh!$C$20),0)) -> 7
A10: Doanh thu gói hằng ngày | B10: =B6*TinhGia!$C$25 -> 0 | C10: =C6*TinhGia!$C$25 -> 11520000 | D10: =D6*TinhGia!$C$25 -> 23040000 | E10: =E6*TinhGia!$C$25 -> 34560000 | F10: =F6*TinhGia!$C$25 -> 46080000 | G10: =G6*TinhGia!$C$25 -> 57600000 | H10: =H6*TinhGia!$C$25 -> 67200000 | I10: =I6*TinhGia!$C$25 -> 76800000 | ... N10: =N6*TinhGia!$C$25 -> 124800000
A11: Doanh thu vệ sinh tổng / dịch vụ thêm | B11: 0 | C11: 0 | D11: 1000000 | E11: 2000000 | F11: 3000000 | G11: 3000000 | H11: 4000000 | I11: 4000000 | J11: 5000000 | K11: 5000000 | L11: 6000000 | M11: 6000000 | N11: 6000000
A12: TỔNG DOANH THU | B12: =B10+B11 -> 0 | C12: =C10+C11 -> 11520000 | D12: =D10+D11 -> 24040000 | E12: =E10+E11 -> 36560000 | F12: =F10+F11 -> 49080000 | G12: =G10+G11 -> 60600000 | H12: =H10+H11 -> 71200000 | I12: =I10+I11 -> 80800000 | ... N12: =N10+N11 -> 130800000
A14: Lương & bảo hiểm công nhân | B14: =B8*GiaDinh!$C$12 -> 0 | C14: =C8*GiaDinh!$C$12 -> 19650567 | D14: =D8*GiaDinh!$C$12 -> 19650567 | E14: =E8*GiaDinh!$C$12 -> 19650567 | F14: =F8*GiaDinh!$C$12 -> 29475850 | G14: =G8*GiaDinh!$C$12 -> 39301133 | H14: =H8*GiaDinh!$C$12 -> 39301133 | I14: =I8*GiaDinh!$C$12 -> 49126417 | ... N14: =N8*GiaDinh!$C$12 -> 68776983
A15: Vật tư tiêu hao | B15: =B8*GiaDinh!$C$23 -> 0 | C15: =C8*GiaDinh!$C$23 -> 600000 | D15: =D8*GiaDinh!$C$23 -> 600000 | E15: =E8*GiaDinh!$C$23 -> 600000 | F15: =F8*GiaDinh!$C$23 -> 900000 | G15: =G8*GiaDinh!$C$23 -> 1200000 | H15: =H8*GiaDinh!$C$23 -> 1200000 | I15: =I8*GiaDinh!$C$23 -> 1500000 | ... N15: =N8*GiaDinh!$C$23 -> 2100000
A16: Hóa chất + nước | B16: =B6*GiaDinh!$C$24 -> 0 | C16: =C6*GiaDinh!$C$24 -> 180000 | D16: =D6*GiaDinh!$C$24 -> 360000 | E16: =E6*GiaDinh!$C$24 -> 540000 | F16: =F6*GiaDinh!$C$24 -> 720000 | G16: =G6*GiaDinh!$C$24 -> 900000 | H16: =H6*GiaDinh!$C$24 -> 1050000 | I16: =I6*GiaDinh!$C$24 -> 1200000 | ... N16: =N6*GiaDinh!$C$24 -> 1950000
A17: Chi phí chung (quản lý, marketing, kho…) | B17: 0 | C17: =IF(C8>=GiaDinh!$C$26,GiaDinh!$C$28,GiaDinh!$C$27) -> 7800000 | D17: =IF(D8>=GiaDinh!$C$26,GiaDinh!$C$28,GiaDinh!$C$27) -> 7800000 | E17: =IF(E8>=GiaDinh!$C$26,GiaDinh!$C$28,GiaDinh!$C$27) -> 7800000 | F17: =IF(F8>=GiaDinh!$C$26,GiaDinh!$C$28,GiaDinh!$C$27) -> 7800000 | G17: =IF(G8>=GiaDinh!$C$26,GiaDinh!$C$28,GiaDinh!$C$27) -> 7800000 | H17: =IF(H8>=GiaDinh!$C$26,GiaDinh!$C$28,GiaDinh!$C$27) -> 7800000 | I17: =IF(I8>=GiaDinh!$C$26,GiaDinh!$C$28,GiaDinh!$C$27) -> 7800000 | J17: =IF(J8>=GiaDinh!$C$26,GiaDinh!$C$28,GiaDinh!$C$27) -> 7800000 | ... N17: =IF(N8>=GiaDinh!$C$26,GiaDinh!$C$28,GiaDinh!$C$27) -> 20000000
A18: Thuế hộ KD (trên phần DT vượt ngưỡng, ước theo tháng) | B18: =MAX(0,B12-GiaDinh!$C$33/12)*GiaDinh!$C$32 -> 0 | C18: =MAX(0,C12-GiaDinh!$C$33/12)*GiaDinh!$C$32 -> 0 | D18: =MAX(0,D12-GiaDinh!$C$33/12)*GiaDinh!$C$32 -> 0 | E18: =MAX(0,E12-GiaDinh!$C$33/12)*GiaDinh!$C$32 -> 0 | F18: =MAX(0,F12-GiaDinh!$C$33/12)*GiaDinh!$C$32 -> 518933.33 | G18: =MAX(0,G12-GiaDinh!$C$33/12)*GiaDinh!$C$32 -> 1325333.3 | H18: =MAX(0,H12-GiaDinh!$C$33/12)*GiaDinh!$C$32 -> 2067333.3 | I18: =MAX(0,I12-GiaDinh!$C$33/12)*GiaDinh!$C$32 -> 2739333.3 | ... N18: =MAX(0,N12-GiaDinh!$C$33/12)*GiaDinh!$C$32 -> 6239333.3
A19: TỔNG CHI PHÍ HOẠT ĐỘNG | B19: =SUM(B14:B18) -> 0 | C19: =SUM(C14:C18) -> 28230567 | D19: =SUM(D14:D18) -> 28410567 | E19: =SUM(E14:E18) -> 28590567 | F19: =SUM(F14:F18) -> 39414783 | G19: =SUM(G14:G18) -> 50526467 | H19: =SUM(H14:H18) -> 51418467 | I19: =SUM(I14:I18) -> 62365750 | ... N19: =SUM(N14:N18) -> 99066317
A20: LỢI NHUẬN HOẠT ĐỘNG | B20: =B12-B19 -> 0 | C20: =C12-C19 -> -16710567 | D20: =D12-D19 -> -4370566.7 | E20: =E12-E19 -> 7969433.3 | F20: =F12-F19 -> 9665216.7 | G20: =G12-G19 -> 10073533 | H20: =H12-H19 -> 19781533 | I20: =I12-I19 -> 18434250 | ... N20: =N12-N19 -> 31733683
A21: Biên lợi nhuận | B21: =IF(B12=0,0,B20/B12) -> 0 | C21: =IF(C12=0,0,C20/C12) -> -1.45057 | D21: =IF(D12=0,0,D20/D12) -> -0.18180394 | E21: =IF(E12=0,0,E20/E12) -> 0.21798231 | F21: =IF(F12=0,0,F20/F12) -> 0.1969278 | G21: =IF(G12=0,0,G20/G12) -> 0.16622992 | H21: =IF(H12=0,0,H20/H12) -> 0.27783052 | I21: =IF(I12=0,0,I20/I12) -> 0.22814666 | ... N21: =IF(N12=0,0,N20/N12) -> 0.24261226
A23: Đầu tư (T0 = ban đầu; sau đó mua dụng cụ cho CN mới) | B23: =DauTu!$D$27 -> 26433000 | C23: =MAX(0,C8-DauTu!$B$18)*DauTu!$D$15 -> 0 | D23: =MAX(0,D8-C8)*DauTu!$D$15 -> 0 | E23: =MAX(0,E8-D8)*DauTu!$D$15 -> 0 | F23: =MAX(0,F8-E8)*DauTu!$D$15 -> 4010000 | G23: =MAX(0,G8-F8)*DauTu!$D$15 -> 4010000 | H23: =MAX(0,H8-G8)*DauTu!$D$15 -> 0 | I23: =MAX(0,I8-H8)*DauTu!$D$15 -> 4010000 | J23: =MAX(0,J8-I8)*DauTu!$D$15 -> 0 | K23: =MAX(0,K8-J8)*DauTu!$D$15 -> 4010000 | ... N23: =MAX(0,N8-M8)*DauTu!$D$15 -> 0
A24: DÒNG TIỀN RÒNG | B24: =B20-B23 -> -26433000 | C24: =C20-C23 -> -16710567 | D24: =D20-D23 -> -4370566.7 | E24: =E20-E23 -> 7969433.3 | F24: =F20-F23 -> 5655216.7 | G24: =G20-G23 -> 6063533.3 | H24: =H20-H23 -> 19781533 | I24: =I20-I23 -> 14424250 | ... N24: =N20-N23 -> 31733683
A25: Dòng tiền lũy kế | B25: =B24 -> -26433000 | C25: =B25+C24 -> -43143567 | D25: =C25+D24 -> -47514133 | E25: =D25+E24 -> -39544700 | F25: =E25+F24 -> -33889483 | G25: =F25+G24 -> -27825950 | H25: =G25+H24 -> -8044416.7 | I25: =H25+I24 -> 6379833.3 | J25: =I25+J24 -> 34522083 | ... N25: =M25+N24 -> 1.2008938e+08
A26: (phụ) tháng lũy kế chuyển dương | C26: =IF(AND(C25>=0,B25<0),1,"") | D26: =IF(AND(D25>=0,C25<0),2,"") | E26: =IF(AND(E25>=0,D25<0),3,"") | F26: =IF(AND(F25>=0,E25<0),4,"") | G26: =IF(AND(G25>=0,F25<0),5,"") | H26: =IF(AND(H25>=0,G25<0),6,"") | I26: =IF(AND(I25>=0,H25<0),7,"") -> 7 | J26: =IF(AND(J25>=0,I25<0),8,"") | K26: =IF(AND(K25>=0,J25<0),9,"") | L26: =IF(AND(L25>=0,K25<0),10,"") | M26: =IF(AND(M25>=0,L25<0),11,"") | N26: =IF(AND(N25>=0,M25<0),12,"")
A28: VỐN CẦN CHUẨN BỊ (đáy dòng tiền lũy kế) | B28: =-MIN(B25:N25) -> 47514133 | C28: → nên chuẩn bị thêm 20–30% dự phòng.
A29: Tháng hoàn vốn (lũy kế ≥ 0) | B29: =IF(MAX(C26:N26)=0,"Chưa hoàn vốn",MIN(C26:N26)) -> 7
A30: Lợi nhuận cả năm 1 (T1–T12) | B30: =SUM(C20:N20) -> 1.6657238e+08
A31: Doanh thu cả năm 1 (T1–T12) | B31: =SUM(C12:N12) -> 889800000
